board,item_type,item,status,evidence
bspd,component,C0603,covered,bspd_rule_timing.cir;bspd_scs_matrix.cir;bspd_q2_orientation.cir;lm2596_complete_power_stage.cir
bspd,component,C1,covered,bspd_rule_timing.cir;bspd_scs_matrix.cir;bspd_q2_orientation.cir;lm2596_complete_power_stage.cir
bspd,component,C10,covered,bspd_rule_timing.cir;bspd_scs_matrix.cir;bspd_q2_orientation.cir;lm2596_complete_power_stage.cir
bspd,component,C11,covered,bspd_rule_timing.cir;bspd_scs_matrix.cir;bspd_q2_orientation.cir;lm2596_complete_power_stage.cir
bspd,component,C12,covered,bspd_rule_timing.cir;bspd_scs_matrix.cir;bspd_q2_orientation.cir;lm2596_complete_power_stage.cir
bspd,component,C1206,covered,bspd_rule_timing.cir;bspd_scs_matrix.cir;bspd_q2_orientation.cir;lm2596_complete_power_stage.cir
bspd,component,C13,covered,bspd_rule_timing.cir;bspd_scs_matrix.cir;bspd_q2_orientation.cir;lm2596_complete_power_stage.cir
bspd,component,C2,covered,bspd_rule_timing.cir;bspd_scs_matrix.cir;bspd_q2_orientation.cir;lm2596_complete_power_stage.cir
bspd,component,C3,covered,bspd_rule_timing.cir;bspd_scs_matrix.cir;bspd_q2_orientation.cir;lm2596_complete_power_stage.cir
bspd,component,C4,covered,bspd_rule_timing.cir;bspd_scs_matrix.cir;bspd_q2_orientation.cir;lm2596_complete_power_stage.cir
bspd,component,C5,covered,bspd_rule_timing.cir;bspd_scs_matrix.cir;bspd_q2_orientation.cir;lm2596_complete_power_stage.cir
bspd,component,C6,covered,bspd_rule_timing.cir;bspd_scs_matrix.cir;bspd_q2_orientation.cir;lm2596_complete_power_stage.cir
bspd,component,C7,covered,bspd_rule_timing.cir;bspd_scs_matrix.cir;bspd_q2_orientation.cir;lm2596_complete_power_stage.cir
bspd,component,C8,covered,bspd_rule_timing.cir;bspd_scs_matrix.cir;bspd_q2_orientation.cir;lm2596_complete_power_stage.cir
bspd,component,C9,covered,bspd_rule_timing.cir;bspd_scs_matrix.cir;bspd_q2_orientation.cir;lm2596_complete_power_stage.cir
bspd,component,D1,covered,bspd_rule_timing.cir;bspd_scs_matrix.cir;bspd_q2_orientation.cir;lm2596_complete_power_stage.cir
bspd,component,D2,covered,bspd_rule_timing.cir;bspd_scs_matrix.cir;bspd_q2_orientation.cir;lm2596_complete_power_stage.cir
bspd,component,L1,covered,bspd_rule_timing.cir;bspd_scs_matrix.cir;bspd_q2_orientation.cir;lm2596_complete_power_stage.cir
bspd,component,L10,covered,bspd_rule_timing.cir;bspd_scs_matrix.cir;bspd_q2_orientation.cir;lm2596_complete_power_stage.cir
bspd,component,L6,covered,bspd_rule_timing.cir;bspd_scs_matrix.cir;bspd_q2_orientation.cir;lm2596_complete_power_stage.cir
bspd,component,LED0603,covered,bspd_rule_timing.cir;bspd_scs_matrix.cir;bspd_q2_orientation.cir;lm2596_complete_power_stage.cir
bspd,component,LED1,covered,bspd_rule_timing.cir;bspd_scs_matrix.cir;bspd_q2_orientation.cir;lm2596_complete_power_stage.cir
bspd,component,Q1,covered,bspd_rule_timing.cir;bspd_scs_matrix.cir;bspd_q2_orientation.cir;lm2596_complete_power_stage.cir
bspd,component,Q2,covered,bspd_rule_timing.cir;bspd_scs_matrix.cir;bspd_q2_orientation.cir;lm2596_complete_power_stage.cir
bspd,component,Q3,covered,bspd_rule_timing.cir;bspd_scs_matrix.cir;bspd_q2_orientation.cir;lm2596_complete_power_stage.cir
bspd,component,R0603,covered,bspd_rule_timing.cir;bspd_scs_matrix.cir;bspd_q2_orientation.cir;lm2596_complete_power_stage.cir
bspd,component,R1,covered,bspd_rule_timing.cir;bspd_scs_matrix.cir;bspd_q2_orientation.cir;lm2596_complete_power_stage.cir
bspd,component,R10,covered,bspd_rule_timing.cir;bspd_scs_matrix.cir;bspd_q2_orientation.cir;lm2596_complete_power_stage.cir
bspd,component,R11,covered,bspd_rule_timing.cir;bspd_scs_matrix.cir;bspd_q2_orientation.cir;lm2596_complete_power_stage.cir
bspd,component,R12,covered,bspd_rule_timing.cir;bspd_scs_matrix.cir;bspd_q2_orientation.cir;lm2596_complete_power_stage.cir
bspd,component,R13,covered,bspd_rule_timing.cir;bspd_scs_matrix.cir;bspd_q2_orientation.cir;lm2596_complete_power_stage.cir
bspd,component,R14,covered,bspd_rule_timing.cir;bspd_scs_matrix.cir;bspd_q2_orientation.cir;lm2596_complete_power_stage.cir
bspd,component,R15,covered,bspd_rule_timing.cir;bspd_scs_matrix.cir;bspd_q2_orientation.cir;lm2596_complete_power_stage.cir
bspd,component,R16,covered,bspd_rule_timing.cir;bspd_scs_matrix.cir;bspd_q2_orientation.cir;lm2596_complete_power_stage.cir
bspd,component,R17,covered,bspd_rule_timing.cir;bspd_scs_matrix.cir;bspd_q2_orientation.cir;lm2596_complete_power_stage.cir
bspd,component,R18,covered,bspd_rule_timing.cir;bspd_scs_matrix.cir;bspd_q2_orientation.cir;lm2596_complete_power_stage.cir
bspd,component,R19,covered,bspd_rule_timing.cir;bspd_scs_matrix.cir;bspd_q2_orientation.cir;lm2596_complete_power_stage.cir
bspd,component,R20,covered,bspd_rule_timing.cir;bspd_scs_matrix.cir;bspd_q2_orientation.cir;lm2596_complete_power_stage.cir
bspd,component,R21,covered,bspd_rule_timing.cir;bspd_scs_matrix.cir;bspd_q2_orientation.cir;lm2596_complete_power_stage.cir
bspd,component,R22,covered,bspd_rule_timing.cir;bspd_scs_matrix.cir;bspd_q2_orientation.cir;lm2596_complete_power_stage.cir
bspd,component,R25,covered,bspd_rule_timing.cir;bspd_scs_matrix.cir;bspd_q2_orientation.cir;lm2596_complete_power_stage.cir
bspd,component,R26,covered,bspd_rule_timing.cir;bspd_scs_matrix.cir;bspd_q2_orientation.cir;lm2596_complete_power_stage.cir
bspd,component,R27,covered,bspd_rule_timing.cir;bspd_scs_matrix.cir;bspd_q2_orientation.cir;lm2596_complete_power_stage.cir
bspd,component,R28,covered,bspd_rule_timing.cir;bspd_scs_matrix.cir;bspd_q2_orientation.cir;lm2596_complete_power_stage.cir
bspd,component,R6,covered,bspd_rule_timing.cir;bspd_scs_matrix.cir;bspd_q2_orientation.cir;lm2596_complete_power_stage.cir
bspd,component,R7,covered,bspd_rule_timing.cir;bspd_scs_matrix.cir;bspd_q2_orientation.cir;lm2596_complete_power_stage.cir
bspd,component,R8,covered,bspd_rule_timing.cir;bspd_scs_matrix.cir;bspd_q2_orientation.cir;lm2596_complete_power_stage.cir
bspd,component,R9,covered,bspd_rule_timing.cir;bspd_scs_matrix.cir;bspd_q2_orientation.cir;lm2596_complete_power_stage.cir
bspd,component,RLY1,covered,bspd_rule_timing.cir;bspd_scs_matrix.cir;bspd_q2_orientation.cir;lm2596_complete_power_stage.cir
bspd,component,U1,covered,bspd_rule_timing.cir;bspd_scs_matrix.cir;bspd_q2_orientation.cir;lm2596_complete_power_stage.cir
bspd,component,U2,covered,bspd_rule_timing.cir;bspd_scs_matrix.cir;bspd_q2_orientation.cir;lm2596_complete_power_stage.cir
bspd,component,U3,covered,bspd_rule_timing.cir;bspd_scs_matrix.cir;bspd_q2_orientation.cir;lm2596_complete_power_stage.cir
bspd,component,U4,covered,bspd_rule_timing.cir;bspd_scs_matrix.cir;bspd_q2_orientation.cir;lm2596_complete_power_stage.cir
bspd,component,U5,covered,bspd_rule_timing.cir;bspd_scs_matrix.cir;bspd_q2_orientation.cir;lm2596_complete_power_stage.cir
bspd,component,U7,covered,bspd_rule_timing.cir;bspd_scs_matrix.cir;bspd_q2_orientation.cir;lm2596_complete_power_stage.cir
bspd,component,U8,covered,bspd_rule_timing.cir;bspd_scs_matrix.cir;bspd_q2_orientation.cir;lm2596_complete_power_stage.cir
bspd,component,U9,covered,bspd_rule_timing.cir;bspd_scs_matrix.cir;bspd_q2_orientation.cir;lm2596_complete_power_stage.cir
bspd,net,$1N1617,covered,bspd_rule_timing.cir;bspd_scs_matrix.cir;bspd_q2_orientation.cir;lm2596_complete_power_stage.cir;all_scs_long_line_matrix.cir
bspd,net,$1N1644,covered,bspd_rule_timing.cir;bspd_scs_matrix.cir;bspd_q2_orientation.cir;lm2596_complete_power_stage.cir;all_scs_long_line_matrix.cir
bspd,net,$1N2830,covered,bspd_rule_timing.cir;bspd_scs_matrix.cir;bspd_q2_orientation.cir;lm2596_complete_power_stage.cir;all_scs_long_line_matrix.cir
bspd,net,$1N2952,covered,bspd_rule_timing.cir;bspd_scs_matrix.cir;bspd_q2_orientation.cir;lm2596_complete_power_stage.cir;all_scs_long_line_matrix.cir
bspd,net,$1N3199,covered,bspd_rule_timing.cir;bspd_scs_matrix.cir;bspd_q2_orientation.cir;lm2596_complete_power_stage.cir;all_scs_long_line_matrix.cir
bspd,net,$1N3222,covered,bspd_rule_timing.cir;bspd_scs_matrix.cir;bspd_q2_orientation.cir;lm2596_complete_power_stage.cir;all_scs_long_line_matrix.cir
bspd,net,$1N6050,covered,bspd_rule_timing.cir;bspd_scs_matrix.cir;bspd_q2_orientation.cir;lm2596_complete_power_stage.cir;all_scs_long_line_matrix.cir
bspd,net,$1N6054,covered,bspd_rule_timing.cir;bspd_scs_matrix.cir;bspd_q2_orientation.cir;lm2596_complete_power_stage.cir;all_scs_long_line_matrix.cir
bspd,net,$1N6066,covered,bspd_rule_timing.cir;bspd_scs_matrix.cir;bspd_q2_orientation.cir;lm2596_complete_power_stage.cir;all_scs_long_line_matrix.cir
bspd,net,$1N6081,covered,bspd_rule_timing.cir;bspd_scs_matrix.cir;bspd_q2_orientation.cir;lm2596_complete_power_stage.cir;all_scs_long_line_matrix.cir
bspd,net,$1N6083,covered,bspd_rule_timing.cir;bspd_scs_matrix.cir;bspd_q2_orientation.cir;lm2596_complete_power_stage.cir;all_scs_long_line_matrix.cir
bspd,net,$1N6089,covered,bspd_rule_timing.cir;bspd_scs_matrix.cir;bspd_q2_orientation.cir;lm2596_complete_power_stage.cir;all_scs_long_line_matrix.cir
bspd,net,$1N6114,covered,bspd_rule_timing.cir;bspd_scs_matrix.cir;bspd_q2_orientation.cir;lm2596_complete_power_stage.cir;all_scs_long_line_matrix.cir
bspd,net,$1N6121,covered,bspd_rule_timing.cir;bspd_scs_matrix.cir;bspd_q2_orientation.cir;lm2596_complete_power_stage.cir;all_scs_long_line_matrix.cir
bspd,net,$1N6129,covered,bspd_rule_timing.cir;bspd_scs_matrix.cir;bspd_q2_orientation.cir;lm2596_complete_power_stage.cir;all_scs_long_line_matrix.cir
bspd,net,$1N6147,covered,bspd_rule_timing.cir;bspd_scs_matrix.cir;bspd_q2_orientation.cir;lm2596_complete_power_stage.cir;all_scs_long_line_matrix.cir
bspd,net,$1N6160,covered,bspd_rule_timing.cir;bspd_scs_matrix.cir;bspd_q2_orientation.cir;lm2596_complete_power_stage.cir;all_scs_long_line_matrix.cir
bspd,net,$1N6164,covered,bspd_rule_timing.cir;bspd_scs_matrix.cir;bspd_q2_orientation.cir;lm2596_complete_power_stage.cir;all_scs_long_line_matrix.cir
bspd,net,$1N6180,covered,bspd_rule_timing.cir;bspd_scs_matrix.cir;bspd_q2_orientation.cir;lm2596_complete_power_stage.cir;all_scs_long_line_matrix.cir
bspd,net,+24VIN,covered,bspd_rule_timing.cir;bspd_scs_matrix.cir;bspd_q2_orientation.cir;lm2596_complete_power_stage.cir;all_scs_long_line_matrix.cir
bspd,net,+5V,covered,bspd_rule_timing.cir;bspd_scs_matrix.cir;bspd_q2_orientation.cir;lm2596_complete_power_stage.cir;all_scs_long_line_matrix.cir
bspd,net,CURRENT ,covered,bspd_rule_timing.cir;bspd_scs_matrix.cir;bspd_q2_orientation.cir;lm2596_complete_power_stage.cir;all_scs_long_line_matrix.cir
bspd,net,GND ,covered,bspd_rule_timing.cir;bspd_scs_matrix.cir;bspd_q2_orientation.cir;lm2596_complete_power_stage.cir;all_scs_long_line_matrix.cir
bspd,net,OIL1 ,covered,bspd_rule_timing.cir;bspd_scs_matrix.cir;bspd_q2_orientation.cir;lm2596_complete_power_stage.cir;all_scs_long_line_matrix.cir
bspd,net,OIL2 ,covered,bspd_rule_timing.cir;bspd_scs_matrix.cir;bspd_q2_orientation.cir;lm2596_complete_power_stage.cir;all_scs_long_line_matrix.cir
bspd,net,OIL3 ,covered,bspd_rule_timing.cir;bspd_scs_matrix.cir;bspd_q2_orientation.cir;lm2596_complete_power_stage.cir;all_scs_long_line_matrix.cir
bspd,net,OIL4 ,covered,bspd_rule_timing.cir;bspd_scs_matrix.cir;bspd_q2_orientation.cir;lm2596_complete_power_stage.cir;all_scs_long_line_matrix.cir
bspd,net,OUT ,covered,bspd_rule_timing.cir;bspd_scs_matrix.cir;bspd_q2_orientation.cir;lm2596_complete_power_stage.cir;all_scs_long_line_matrix.cir
bspd,net,SC_IN,covered,bspd_rule_timing.cir;bspd_scs_matrix.cir;bspd_q2_orientation.cir;lm2596_complete_power_stage.cir;all_scs_long_line_matrix.cir
bspd,net,SC_OUT,covered,bspd_rule_timing.cir;bspd_scs_matrix.cir;bspd_q2_orientation.cir;lm2596_complete_power_stage.cir;all_scs_long_line_matrix.cir
ebs,component,C0603,covered,ebs_rule_timing.cir;ebs_watchdog_fault_matrix.cir;lm2596_complete_power_stage.cir
ebs,component,C0805,covered,ebs_rule_timing.cir;ebs_watchdog_fault_matrix.cir;lm2596_complete_power_stage.cir
ebs,component,C1,covered,ebs_rule_timing.cir;ebs_watchdog_fault_matrix.cir;lm2596_complete_power_stage.cir
ebs,component,C10,covered,ebs_rule_timing.cir;ebs_watchdog_fault_matrix.cir;lm2596_complete_power_stage.cir
ebs,component,C11,covered,ebs_rule_timing.cir;ebs_watchdog_fault_matrix.cir;lm2596_complete_power_stage.cir
ebs,component,C12,covered,ebs_rule_timing.cir;ebs_watchdog_fault_matrix.cir;lm2596_complete_power_stage.cir
ebs,component,C13,covered,ebs_rule_timing.cir;ebs_watchdog_fault_matrix.cir;lm2596_complete_power_stage.cir
ebs,component,C2,covered,ebs_rule_timing.cir;ebs_watchdog_fault_matrix.cir;lm2596_complete_power_stage.cir
ebs,component,C3,covered,ebs_rule_timing.cir;ebs_watchdog_fault_matrix.cir;lm2596_complete_power_stage.cir
ebs,component,C4,covered,ebs_rule_timing.cir;ebs_watchdog_fault_matrix.cir;lm2596_complete_power_stage.cir
ebs,component,C5,covered,ebs_rule_timing.cir;ebs_watchdog_fault_matrix.cir;lm2596_complete_power_stage.cir
ebs,component,C6,covered,ebs_rule_timing.cir;ebs_watchdog_fault_matrix.cir;lm2596_complete_power_stage.cir
ebs,component,C7,covered,ebs_rule_timing.cir;ebs_watchdog_fault_matrix.cir;lm2596_complete_power_stage.cir
ebs,component,C8,covered,ebs_rule_timing.cir;ebs_watchdog_fault_matrix.cir;lm2596_complete_power_stage.cir
ebs,component,C9,covered,ebs_rule_timing.cir;ebs_watchdog_fault_matrix.cir;lm2596_complete_power_stage.cir
ebs,component,D1,covered,ebs_rule_timing.cir;ebs_watchdog_fault_matrix.cir;lm2596_complete_power_stage.cir
ebs,component,D2,covered,ebs_rule_timing.cir;ebs_watchdog_fault_matrix.cir;lm2596_complete_power_stage.cir
ebs,component,D3,covered,ebs_rule_timing.cir;ebs_watchdog_fault_matrix.cir;lm2596_complete_power_stage.cir
ebs,component,D4,covered,ebs_rule_timing.cir;ebs_watchdog_fault_matrix.cir;lm2596_complete_power_stage.cir
ebs,component,D5,covered,ebs_rule_timing.cir;ebs_watchdog_fault_matrix.cir;lm2596_complete_power_stage.cir
ebs,component,D6,covered,ebs_rule_timing.cir;ebs_watchdog_fault_matrix.cir;lm2596_complete_power_stage.cir
ebs,component,L1,covered,ebs_rule_timing.cir;ebs_watchdog_fault_matrix.cir;lm2596_complete_power_stage.cir
ebs,component,L10,covered,ebs_rule_timing.cir;ebs_watchdog_fault_matrix.cir;lm2596_complete_power_stage.cir
ebs,component,L6,covered,ebs_rule_timing.cir;ebs_watchdog_fault_matrix.cir;lm2596_complete_power_stage.cir
ebs,component,LED0603,covered,ebs_rule_timing.cir;ebs_watchdog_fault_matrix.cir;lm2596_complete_power_stage.cir
ebs,component,LED1,covered,ebs_rule_timing.cir;ebs_watchdog_fault_matrix.cir;lm2596_complete_power_stage.cir
ebs,component,Q1,covered,ebs_rule_timing.cir;ebs_watchdog_fault_matrix.cir;lm2596_complete_power_stage.cir
ebs,component,R0402,covered,ebs_rule_timing.cir;ebs_watchdog_fault_matrix.cir;lm2596_complete_power_stage.cir
ebs,component,R0603,covered,ebs_rule_timing.cir;ebs_watchdog_fault_matrix.cir;lm2596_complete_power_stage.cir
ebs,component,R0805,covered,ebs_rule_timing.cir;ebs_watchdog_fault_matrix.cir;lm2596_complete_power_stage.cir
ebs,component,R1,covered,ebs_rule_timing.cir;ebs_watchdog_fault_matrix.cir;lm2596_complete_power_stage.cir
ebs,component,R10,covered,ebs_rule_timing.cir;ebs_watchdog_fault_matrix.cir;lm2596_complete_power_stage.cir
ebs,component,R11,covered,ebs_rule_timing.cir;ebs_watchdog_fault_matrix.cir;lm2596_complete_power_stage.cir
ebs,component,R12,covered,ebs_rule_timing.cir;ebs_watchdog_fault_matrix.cir;lm2596_complete_power_stage.cir
ebs,component,R2,covered,ebs_rule_timing.cir;ebs_watchdog_fault_matrix.cir;lm2596_complete_power_stage.cir
ebs,component,R3,covered,ebs_rule_timing.cir;ebs_watchdog_fault_matrix.cir;lm2596_complete_power_stage.cir
ebs,component,R4,covered,ebs_rule_timing.cir;ebs_watchdog_fault_matrix.cir;lm2596_complete_power_stage.cir
ebs,component,R5,covered,ebs_rule_timing.cir;ebs_watchdog_fault_matrix.cir;lm2596_complete_power_stage.cir
ebs,component,R6,covered,ebs_rule_timing.cir;ebs_watchdog_fault_matrix.cir;lm2596_complete_power_stage.cir
ebs,component,R7,covered,ebs_rule_timing.cir;ebs_watchdog_fault_matrix.cir;lm2596_complete_power_stage.cir
ebs,component,R8,covered,ebs_rule_timing.cir;ebs_watchdog_fault_matrix.cir;lm2596_complete_power_stage.cir
ebs,component,R9,covered,ebs_rule_timing.cir;ebs_watchdog_fault_matrix.cir;lm2596_complete_power_stage.cir
ebs,component,RLY1,covered,ebs_rule_timing.cir;ebs_watchdog_fault_matrix.cir;lm2596_complete_power_stage.cir
ebs,component,RLY2,covered,ebs_rule_timing.cir;ebs_watchdog_fault_matrix.cir;lm2596_complete_power_stage.cir
ebs,component,U1,covered,ebs_rule_timing.cir;ebs_watchdog_fault_matrix.cir;lm2596_complete_power_stage.cir
ebs,component,U2,covered,ebs_rule_timing.cir;ebs_watchdog_fault_matrix.cir;lm2596_complete_power_stage.cir
ebs,component,U3,covered,ebs_rule_timing.cir;ebs_watchdog_fault_matrix.cir;lm2596_complete_power_stage.cir
ebs,component,U4,covered,ebs_rule_timing.cir;ebs_watchdog_fault_matrix.cir;lm2596_complete_power_stage.cir
ebs,net,$1N1331,covered,ebs_rule_timing.cir;ebs_watchdog_fault_matrix.cir;lm2596_complete_power_stage.cir;all_scs_long_line_matrix.cir
ebs,net,$1N1336,covered,ebs_rule_timing.cir;ebs_watchdog_fault_matrix.cir;lm2596_complete_power_stage.cir;all_scs_long_line_matrix.cir
ebs,net,$1N1349,covered,ebs_rule_timing.cir;ebs_watchdog_fault_matrix.cir;lm2596_complete_power_stage.cir;all_scs_long_line_matrix.cir
ebs,net,$1N14089,covered,ebs_rule_timing.cir;ebs_watchdog_fault_matrix.cir;lm2596_complete_power_stage.cir;all_scs_long_line_matrix.cir
ebs,net,$1N14095,covered,ebs_rule_timing.cir;ebs_watchdog_fault_matrix.cir;lm2596_complete_power_stage.cir;all_scs_long_line_matrix.cir
ebs,net,$1N14147,covered,ebs_rule_timing.cir;ebs_watchdog_fault_matrix.cir;lm2596_complete_power_stage.cir;all_scs_long_line_matrix.cir
ebs,net,$1N14148,covered,ebs_rule_timing.cir;ebs_watchdog_fault_matrix.cir;lm2596_complete_power_stage.cir;all_scs_long_line_matrix.cir
ebs,net,$1N14150,covered,ebs_rule_timing.cir;ebs_watchdog_fault_matrix.cir;lm2596_complete_power_stage.cir;all_scs_long_line_matrix.cir
ebs,net,$1N14179,covered,ebs_rule_timing.cir;ebs_watchdog_fault_matrix.cir;lm2596_complete_power_stage.cir;all_scs_long_line_matrix.cir
ebs,net,$1N14186,covered,ebs_rule_timing.cir;ebs_watchdog_fault_matrix.cir;lm2596_complete_power_stage.cir;all_scs_long_line_matrix.cir
ebs,net,$1N14187,covered,ebs_rule_timing.cir;ebs_watchdog_fault_matrix.cir;lm2596_complete_power_stage.cir;all_scs_long_line_matrix.cir
ebs,net,$1N14188,covered,ebs_rule_timing.cir;ebs_watchdog_fault_matrix.cir;lm2596_complete_power_stage.cir;all_scs_long_line_matrix.cir
ebs,net,$1N14190,covered,ebs_rule_timing.cir;ebs_watchdog_fault_matrix.cir;lm2596_complete_power_stage.cir;all_scs_long_line_matrix.cir
ebs,net,$1N2665,covered,ebs_rule_timing.cir;ebs_watchdog_fault_matrix.cir;lm2596_complete_power_stage.cir;all_scs_long_line_matrix.cir
ebs,net,+5V,covered,ebs_rule_timing.cir;ebs_watchdog_fault_matrix.cir;lm2596_complete_power_stage.cir;all_scs_long_line_matrix.cir
ebs,net,AS_LOCK,covered,ebs_rule_timing.cir;ebs_watchdog_fault_matrix.cir;lm2596_complete_power_stage.cir;all_scs_long_line_matrix.cir
ebs,net,EBS_CHECK,covered,ebs_rule_timing.cir;ebs_watchdog_fault_matrix.cir;lm2596_complete_power_stage.cir;all_scs_long_line_matrix.cir
ebs,net,EBS_PWR,covered,ebs_rule_timing.cir;ebs_watchdog_fault_matrix.cir;lm2596_complete_power_stage.cir;all_scs_long_line_matrix.cir
ebs,net,EBS_TRIG,covered,ebs_rule_timing.cir;ebs_watchdog_fault_matrix.cir;lm2596_complete_power_stage.cir;all_scs_long_line_matrix.cir
ebs,net,EBS_WORK,covered,ebs_rule_timing.cir;ebs_watchdog_fault_matrix.cir;lm2596_complete_power_stage.cir;all_scs_long_line_matrix.cir
ebs,net,GND ,covered,ebs_rule_timing.cir;ebs_watchdog_fault_matrix.cir;lm2596_complete_power_stage.cir;all_scs_long_line_matrix.cir
ebs,net,SDC_IN,covered,ebs_rule_timing.cir;ebs_watchdog_fault_matrix.cir;lm2596_complete_power_stage.cir;all_scs_long_line_matrix.cir
ebs,net,VCU_FB,covered,ebs_rule_timing.cir;ebs_watchdog_fault_matrix.cir;lm2596_complete_power_stage.cir;all_scs_long_line_matrix.cir
ebs,net,VCU_WDI,covered,ebs_rule_timing.cir;ebs_watchdog_fault_matrix.cir;lm2596_complete_power_stage.cir;all_scs_long_line_matrix.cir
lock,component,C0603,covered,lock_scs_timing.cir;lock_por_corner.cir
lock,component,C0805,covered,lock_scs_timing.cir;lock_por_corner.cir
lock,component,C10,covered,lock_scs_timing.cir;lock_por_corner.cir
lock,component,C11,covered,lock_scs_timing.cir;lock_por_corner.cir
lock,component,C12,covered,lock_scs_timing.cir;lock_por_corner.cir
lock,component,C13,covered,lock_scs_timing.cir;lock_por_corner.cir
lock,component,C14,covered,lock_scs_timing.cir;lock_por_corner.cir
lock,component,C15,covered,lock_scs_timing.cir;lock_por_corner.cir
lock,component,C16,covered,lock_scs_timing.cir;lock_por_corner.cir
lock,component,C17,covered,lock_scs_timing.cir;lock_por_corner.cir
lock,component,C18,covered,lock_scs_timing.cir;lock_por_corner.cir
lock,component,C19,covered,lock_scs_timing.cir;lock_por_corner.cir
lock,component,C2,covered,lock_scs_timing.cir;lock_por_corner.cir
lock,component,C3,covered,lock_scs_timing.cir;lock_por_corner.cir
lock,component,C4,covered,lock_scs_timing.cir;lock_por_corner.cir
lock,component,C5,covered,lock_scs_timing.cir;lock_por_corner.cir
lock,component,C7,covered,lock_scs_timing.cir;lock_por_corner.cir
lock,component,C8,covered,lock_scs_timing.cir;lock_por_corner.cir
lock,component,D1,covered,lock_scs_timing.cir;lock_por_corner.cir
lock,component,D2,covered,lock_scs_timing.cir;lock_por_corner.cir
lock,component,F1,covered,lock_scs_timing.cir;lock_por_corner.cir
lock,component,F2920,covered,lock_scs_timing.cir;lock_por_corner.cir
lock,component,LED0603,covered,lock_scs_timing.cir;lock_por_corner.cir
lock,component,LED1,covered,lock_scs_timing.cir;lock_por_corner.cir
lock,component,Q1,covered,lock_scs_timing.cir;lock_por_corner.cir
lock,component,Q2,covered,lock_scs_timing.cir;lock_por_corner.cir
lock,component,Q3,covered,lock_scs_timing.cir;lock_por_corner.cir
lock,component,Q4,covered,lock_scs_timing.cir;lock_por_corner.cir
lock,component,R0603,covered,lock_scs_timing.cir;lock_por_corner.cir
lock,component,R10,covered,lock_scs_timing.cir;lock_por_corner.cir
lock,component,R11,covered,lock_scs_timing.cir;lock_por_corner.cir
lock,component,R12,covered,lock_scs_timing.cir;lock_por_corner.cir
lock,component,R1206,covered,lock_scs_timing.cir;lock_por_corner.cir
lock,component,R13,covered,lock_scs_timing.cir;lock_por_corner.cir
lock,component,R14,covered,lock_scs_timing.cir;lock_por_corner.cir
lock,component,R15,covered,lock_scs_timing.cir;lock_por_corner.cir
lock,component,R17,covered,lock_scs_timing.cir;lock_por_corner.cir
lock,component,R18,covered,lock_scs_timing.cir;lock_por_corner.cir
lock,component,R19,covered,lock_scs_timing.cir;lock_por_corner.cir
lock,component,R2,covered,lock_scs_timing.cir;lock_por_corner.cir
lock,component,R20,covered,lock_scs_timing.cir;lock_por_corner.cir
lock,component,R21,covered,lock_scs_timing.cir;lock_por_corner.cir
lock,component,R22,covered,lock_scs_timing.cir;lock_por_corner.cir
lock,component,R23,covered,lock_scs_timing.cir;lock_por_corner.cir
lock,component,R24,covered,lock_scs_timing.cir;lock_por_corner.cir
lock,component,R25,covered,lock_scs_timing.cir;lock_por_corner.cir
lock,component,R26,covered,lock_scs_timing.cir;lock_por_corner.cir
lock,component,R27,covered,lock_scs_timing.cir;lock_por_corner.cir
lock,component,R28,covered,lock_scs_timing.cir;lock_por_corner.cir
lock,component,R4,covered,lock_scs_timing.cir;lock_por_corner.cir
lock,component,R5,covered,lock_scs_timing.cir;lock_por_corner.cir
lock,component,R6,covered,lock_scs_timing.cir;lock_por_corner.cir
lock,component,R7,covered,lock_scs_timing.cir;lock_por_corner.cir
lock,component,R8,covered,lock_scs_timing.cir;lock_por_corner.cir
lock,component,R9,covered,lock_scs_timing.cir;lock_por_corner.cir
lock,component,RLY1,covered,lock_scs_timing.cir;lock_por_corner.cir
lock,component,U1,covered,lock_scs_timing.cir;lock_por_corner.cir
lock,component,U11,covered,lock_scs_timing.cir;lock_por_corner.cir
lock,component,U13,covered,lock_scs_timing.cir;lock_por_corner.cir
lock,component,U15,covered,lock_scs_timing.cir;lock_por_corner.cir
lock,component,U17,covered,lock_scs_timing.cir;lock_por_corner.cir
lock,component,U2,covered,lock_scs_timing.cir;lock_por_corner.cir
lock,component,U20,covered,lock_scs_timing.cir;lock_por_corner.cir
lock,component,U21,covered,lock_scs_timing.cir;lock_por_corner.cir
lock,component,U22,covered,lock_scs_timing.cir;lock_por_corner.cir
lock,component,U23,covered,lock_scs_timing.cir;lock_por_corner.cir
lock,component,U24,covered,lock_scs_timing.cir;lock_por_corner.cir
lock,component,U4,covered,lock_scs_timing.cir;lock_por_corner.cir
lock,component,U5,covered,lock_scs_timing.cir;lock_por_corner.cir
lock,component,U7,covered,lock_scs_timing.cir;lock_por_corner.cir
lock,component,U8,covered,lock_scs_timing.cir;lock_por_corner.cir
lock,component,U9,covered,lock_scs_timing.cir;lock_por_corner.cir
lock,net,$1N152,covered,lock_scs_timing.cir;lock_por_corner.cir;all_scs_long_line_matrix.cir
lock,net,$1N153,covered,lock_scs_timing.cir;lock_por_corner.cir;all_scs_long_line_matrix.cir
lock,net,$1N165,covered,lock_scs_timing.cir;lock_por_corner.cir;all_scs_long_line_matrix.cir
lock,net,$1N214,covered,lock_scs_timing.cir;lock_por_corner.cir;all_scs_long_line_matrix.cir
lock,net,$1N222,covered,lock_scs_timing.cir;lock_por_corner.cir;all_scs_long_line_matrix.cir
lock,net,$1N293,covered,lock_scs_timing.cir;lock_por_corner.cir;all_scs_long_line_matrix.cir
lock,net,$1N313,covered,lock_scs_timing.cir;lock_por_corner.cir;all_scs_long_line_matrix.cir
lock,net,$1N314,covered,lock_scs_timing.cir;lock_por_corner.cir;all_scs_long_line_matrix.cir
lock,net,$1N315,covered,lock_scs_timing.cir;lock_por_corner.cir;all_scs_long_line_matrix.cir
lock,net,$1N349,covered,lock_scs_timing.cir;lock_por_corner.cir;all_scs_long_line_matrix.cir
lock,net,$1N353,covered,lock_scs_timing.cir;lock_por_corner.cir;all_scs_long_line_matrix.cir
lock,net,$1N369,covered,lock_scs_timing.cir;lock_por_corner.cir;all_scs_long_line_matrix.cir
lock,net,$1N381,covered,lock_scs_timing.cir;lock_por_corner.cir;all_scs_long_line_matrix.cir
lock,net,$1N390,covered,lock_scs_timing.cir;lock_por_corner.cir;all_scs_long_line_matrix.cir
lock,net,$1N411,covered,lock_scs_timing.cir;lock_por_corner.cir;all_scs_long_line_matrix.cir
lock,net,$1N415,covered,lock_scs_timing.cir;lock_por_corner.cir;all_scs_long_line_matrix.cir
lock,net,$1N418,covered,lock_scs_timing.cir;lock_por_corner.cir;all_scs_long_line_matrix.cir
lock,net,$1N421,covered,lock_scs_timing.cir;lock_por_corner.cir;all_scs_long_line_matrix.cir
lock,net,$1N71,covered,lock_scs_timing.cir;lock_por_corner.cir;all_scs_long_line_matrix.cir
lock,net,$1N84,covered,lock_scs_timing.cir;lock_por_corner.cir;all_scs_long_line_matrix.cir
lock,net,+5V,covered,lock_scs_timing.cir;lock_por_corner.cir;all_scs_long_line_matrix.cir
lock,net,12V ,covered,lock_scs_timing.cir;lock_por_corner.cir;all_scs_long_line_matrix.cir
lock,net,BMS_ERROR,covered,lock_scs_timing.cir;lock_por_corner.cir;all_scs_long_line_matrix.cir
lock,net,BMS_ERROR_D,covered,lock_scs_timing.cir;lock_por_corner.cir;all_scs_long_line_matrix.cir
lock,net,BMS_LED,covered,lock_scs_timing.cir;lock_por_corner.cir;all_scs_long_line_matrix.cir
lock,net,BMS_RESET,covered,lock_scs_timing.cir;lock_por_corner.cir;all_scs_long_line_matrix.cir
lock,net,BMS_STATE,covered,lock_scs_timing.cir;lock_por_corner.cir;all_scs_long_line_matrix.cir
lock,net,EBS_ERROR,covered,lock_scs_timing.cir;lock_por_corner.cir;all_scs_long_line_matrix.cir
lock,net,GND ,covered,lock_scs_timing.cir;lock_por_corner.cir;all_scs_long_line_matrix.cir
lock,net,IMD_ERROR,covered,lock_scs_timing.cir;lock_por_corner.cir;all_scs_long_line_matrix.cir
lock,net,IMD_ERROR_D,covered,lock_scs_timing.cir;lock_por_corner.cir;all_scs_long_line_matrix.cir
lock,net,IMD_LED,covered,lock_scs_timing.cir;lock_por_corner.cir;all_scs_long_line_matrix.cir
lock,net,IMD_RESET,covered,lock_scs_timing.cir;lock_por_corner.cir;all_scs_long_line_matrix.cir
lock,net,IMD_STATE,covered,lock_scs_timing.cir;lock_por_corner.cir;all_scs_long_line_matrix.cir
lock,net,POR ,covered,lock_scs_timing.cir;lock_por_corner.cir;all_scs_long_line_matrix.cir
lock,net,POR#,covered,lock_scs_timing.cir;lock_por_corner.cir;all_scs_long_line_matrix.cir
lock,net,RES_ERROR,covered,lock_scs_timing.cir;lock_por_corner.cir;all_scs_long_line_matrix.cir
lock,net,R_E_LED,covered,lock_scs_timing.cir;lock_por_corner.cir;all_scs_long_line_matrix.cir
lock,net,R_E_RESET,covered,lock_scs_timing.cir;lock_por_corner.cir;all_scs_long_line_matrix.cir
lock,net,R_E_STATE,covered,lock_scs_timing.cir;lock_por_corner.cir;all_scs_long_line_matrix.cir
lock,net,SCIN ,covered,lock_scs_timing.cir;lock_por_corner.cir;all_scs_long_line_matrix.cir
lock,net,SCOUT ,covered,lock_scs_timing.cir;lock_por_corner.cir;all_scs_long_line_matrix.cir
relay,component,C0603,covered,relay_detection_timing.cir;relay_scs_fault_matrix.cir
relay,component,C0805,covered,relay_detection_timing.cir;relay_scs_fault_matrix.cir
relay,component,C1,covered,relay_detection_timing.cir;relay_scs_fault_matrix.cir
relay,component,C10,covered,relay_detection_timing.cir;relay_scs_fault_matrix.cir
relay,component,C11,covered,relay_detection_timing.cir;relay_scs_fault_matrix.cir
relay,component,C12,covered,relay_detection_timing.cir;relay_scs_fault_matrix.cir
relay,component,C2,covered,relay_detection_timing.cir;relay_scs_fault_matrix.cir
relay,component,C3,covered,relay_detection_timing.cir;relay_scs_fault_matrix.cir
relay,component,C7,covered,relay_detection_timing.cir;relay_scs_fault_matrix.cir
relay,component,D6,covered,relay_detection_timing.cir;relay_scs_fault_matrix.cir
relay,component,D7,covered,relay_detection_timing.cir;relay_scs_fault_matrix.cir
relay,component,F1,covered,relay_detection_timing.cir;relay_scs_fault_matrix.cir
relay,component,F2920,covered,relay_detection_timing.cir;relay_scs_fault_matrix.cir
relay,component,LED0603,covered,relay_detection_timing.cir;relay_scs_fault_matrix.cir
relay,component,LED8,covered,relay_detection_timing.cir;relay_scs_fault_matrix.cir
relay,component,R0603,covered,relay_detection_timing.cir;relay_scs_fault_matrix.cir
relay,component,R1,covered,relay_detection_timing.cir;relay_scs_fault_matrix.cir
relay,component,R2,covered,relay_detection_timing.cir;relay_scs_fault_matrix.cir
relay,component,R29,covered,relay_detection_timing.cir;relay_scs_fault_matrix.cir
relay,component,R3,covered,relay_detection_timing.cir;relay_scs_fault_matrix.cir
relay,component,R4,covered,relay_detection_timing.cir;relay_scs_fault_matrix.cir
relay,component,R5,covered,relay_detection_timing.cir;relay_scs_fault_matrix.cir
relay,component,R6,covered,relay_detection_timing.cir;relay_scs_fault_matrix.cir
relay,component,U1,covered,relay_detection_timing.cir;relay_scs_fault_matrix.cir
relay,component,U10,covered,relay_detection_timing.cir;relay_scs_fault_matrix.cir
relay,component,U11,covered,relay_detection_timing.cir;relay_scs_fault_matrix.cir
relay,component,U12,covered,relay_detection_timing.cir;relay_scs_fault_matrix.cir
relay,component,U13,covered,relay_detection_timing.cir;relay_scs_fault_matrix.cir
relay,component,U2,covered,relay_detection_timing.cir;relay_scs_fault_matrix.cir
relay,net,$1N24,covered,relay_detection_timing.cir;relay_scs_fault_matrix.cir;all_scs_long_line_matrix.cir
relay,net,$1N49,covered,relay_detection_timing.cir;relay_scs_fault_matrix.cir;all_scs_long_line_matrix.cir
relay,net,$1N60,covered,relay_detection_timing.cir;relay_scs_fault_matrix.cir;all_scs_long_line_matrix.cir
relay,net,+5V,covered,relay_detection_timing.cir;relay_scs_fault_matrix.cir;all_scs_long_line_matrix.cir
relay,net,12V ,covered,relay_detection_timing.cir;relay_scs_fault_matrix.cir;all_scs_long_line_matrix.cir
relay,net,GND ,covered,relay_detection_timing.cir;relay_scs_fault_matrix.cir;all_scs_long_line_matrix.cir
relay,net,MAINN#,covered,relay_detection_timing.cir;relay_scs_fault_matrix.cir;all_scs_long_line_matrix.cir
relay,net,MAINN_1,covered,relay_detection_timing.cir;relay_scs_fault_matrix.cir;all_scs_long_line_matrix.cir
relay,net,MAINN_2,covered,relay_detection_timing.cir;relay_scs_fault_matrix.cir;all_scs_long_line_matrix.cir
relay,net,MAINN_ACTUAL,covered,relay_detection_timing.cir;relay_scs_fault_matrix.cir;all_scs_long_line_matrix.cir
relay,net,MAINP#,covered,relay_detection_timing.cir;relay_scs_fault_matrix.cir;all_scs_long_line_matrix.cir
relay,net,MAINP_1,covered,relay_detection_timing.cir;relay_scs_fault_matrix.cir;all_scs_long_line_matrix.cir
relay,net,MAINP_2,covered,relay_detection_timing.cir;relay_scs_fault_matrix.cir;all_scs_long_line_matrix.cir
relay,net,MAINP_ACTUAL,covered,relay_detection_timing.cir;relay_scs_fault_matrix.cir;all_scs_long_line_matrix.cir
relay,net,PRE#,covered,relay_detection_timing.cir;relay_scs_fault_matrix.cir;all_scs_long_line_matrix.cir
relay,net,PRE_1,covered,relay_detection_timing.cir;relay_scs_fault_matrix.cir;all_scs_long_line_matrix.cir
relay,net,PRE_2,covered,relay_detection_timing.cir;relay_scs_fault_matrix.cir;all_scs_long_line_matrix.cir
relay,net,PRE_ACTUAL,covered,relay_detection_timing.cir;relay_scs_fault_matrix.cir;all_scs_long_line_matrix.cir
tsal,component,C0603,covered,tsal_rule_timing.cir;tsal_power_scs_matrix.cir
tsal,component,C0805,covered,tsal_rule_timing.cir;tsal_power_scs_matrix.cir
tsal,component,C1,covered,tsal_rule_timing.cir;tsal_power_scs_matrix.cir
tsal,component,C10,covered,tsal_rule_timing.cir;tsal_power_scs_matrix.cir
tsal,component,C11,covered,tsal_rule_timing.cir;tsal_power_scs_matrix.cir
tsal,component,C12,covered,tsal_rule_timing.cir;tsal_power_scs_matrix.cir
tsal,component,C1206,covered,tsal_rule_timing.cir;tsal_power_scs_matrix.cir
tsal,component,C13,covered,tsal_rule_timing.cir;tsal_power_scs_matrix.cir
tsal,component,C14,covered,tsal_rule_timing.cir;tsal_power_scs_matrix.cir
tsal,component,C15,covered,tsal_rule_timing.cir;tsal_power_scs_matrix.cir
tsal,component,C16,covered,tsal_rule_timing.cir;tsal_power_scs_matrix.cir
tsal,component,C17,covered,tsal_rule_timing.cir;tsal_power_scs_matrix.cir
tsal,component,C18,covered,tsal_rule_timing.cir;tsal_power_scs_matrix.cir
tsal,component,C19,covered,tsal_rule_timing.cir;tsal_power_scs_matrix.cir
tsal,component,C2,covered,tsal_rule_timing.cir;tsal_power_scs_matrix.cir
tsal,component,C20,covered,tsal_rule_timing.cir;tsal_power_scs_matrix.cir
tsal,component,C21,covered,tsal_rule_timing.cir;tsal_power_scs_matrix.cir
tsal,component,C3,covered,tsal_rule_timing.cir;tsal_power_scs_matrix.cir
tsal,component,C4,covered,tsal_rule_timing.cir;tsal_power_scs_matrix.cir
tsal,component,C5,covered,tsal_rule_timing.cir;tsal_power_scs_matrix.cir
tsal,component,C6,covered,tsal_rule_timing.cir;tsal_power_scs_matrix.cir
tsal,component,C7,covered,tsal_rule_timing.cir;tsal_power_scs_matrix.cir
tsal,component,C8,covered,tsal_rule_timing.cir;tsal_power_scs_matrix.cir
tsal,component,C9,covered,tsal_rule_timing.cir;tsal_power_scs_matrix.cir
tsal,component,D1,covered,tsal_rule_timing.cir;tsal_power_scs_matrix.cir
tsal,component,D2,covered,tsal_rule_timing.cir;tsal_power_scs_matrix.cir
tsal,component,D3,covered,tsal_rule_timing.cir;tsal_power_scs_matrix.cir
tsal,component,D4,covered,tsal_rule_timing.cir;tsal_power_scs_matrix.cir
tsal,component,D5,covered,tsal_rule_timing.cir;tsal_power_scs_matrix.cir
tsal,component,F1,covered,tsal_rule_timing.cir;tsal_power_scs_matrix.cir
tsal,component,F2,covered,tsal_rule_timing.cir;tsal_power_scs_matrix.cir
tsal,component,F2920,covered,tsal_rule_timing.cir;tsal_power_scs_matrix.cir
tsal,component,LED0603,covered,tsal_rule_timing.cir;tsal_power_scs_matrix.cir
tsal,component,LED1,covered,tsal_rule_timing.cir;tsal_power_scs_matrix.cir
tsal,component,LED2,covered,tsal_rule_timing.cir;tsal_power_scs_matrix.cir
tsal,component,LED3,covered,tsal_rule_timing.cir;tsal_power_scs_matrix.cir
tsal,component,Q1,covered,tsal_rule_timing.cir;tsal_power_scs_matrix.cir
tsal,component,Q2,covered,tsal_rule_timing.cir;tsal_power_scs_matrix.cir
tsal,component,R0603,covered,tsal_rule_timing.cir;tsal_power_scs_matrix.cir
tsal,component,R0805,covered,tsal_rule_timing.cir;tsal_power_scs_matrix.cir
tsal,component,R1,covered,tsal_rule_timing.cir;tsal_power_scs_matrix.cir
tsal,component,R10,covered,tsal_rule_timing.cir;tsal_power_scs_matrix.cir
tsal,component,R11,covered,tsal_rule_timing.cir;tsal_power_scs_matrix.cir
tsal,component,R12,covered,tsal_rule_timing.cir;tsal_power_scs_matrix.cir
tsal,component,R13,covered,tsal_rule_timing.cir;tsal_power_scs_matrix.cir
tsal,component,R14,covered,tsal_rule_timing.cir;tsal_power_scs_matrix.cir
tsal,component,R15,covered,tsal_rule_timing.cir;tsal_power_scs_matrix.cir
tsal,component,R16,covered,tsal_rule_timing.cir;tsal_power_scs_matrix.cir
tsal,component,R17,covered,tsal_rule_timing.cir;tsal_power_scs_matrix.cir
tsal,component,R18,covered,tsal_rule_timing.cir;tsal_power_scs_matrix.cir
tsal,component,R19,covered,tsal_rule_timing.cir;tsal_power_scs_matrix.cir
tsal,component,R2,covered,tsal_rule_timing.cir;tsal_power_scs_matrix.cir
tsal,component,R20,covered,tsal_rule_timing.cir;tsal_power_scs_matrix.cir
tsal,component,R21,covered,tsal_rule_timing.cir;tsal_power_scs_matrix.cir
tsal,component,R22,covered,tsal_rule_timing.cir;tsal_power_scs_matrix.cir
tsal,component,R23,covered,tsal_rule_timing.cir;tsal_power_scs_matrix.cir
tsal,component,R24,covered,tsal_rule_timing.cir;tsal_power_scs_matrix.cir
tsal,component,R25,covered,tsal_rule_timing.cir;tsal_power_scs_matrix.cir
tsal,component,R26,covered,tsal_rule_timing.cir;tsal_power_scs_matrix.cir
tsal,component,R27,covered,tsal_rule_timing.cir;tsal_power_scs_matrix.cir
tsal,component,R28,covered,tsal_rule_timing.cir;tsal_power_scs_matrix.cir
tsal,component,R29,covered,tsal_rule_timing.cir;tsal_power_scs_matrix.cir
tsal,component,R3,covered,tsal_rule_timing.cir;tsal_power_scs_matrix.cir
tsal,component,R30,covered,tsal_rule_timing.cir;tsal_power_scs_matrix.cir
tsal,component,R31,covered,tsal_rule_timing.cir;tsal_power_scs_matrix.cir
tsal,component,R32,covered,tsal_rule_timing.cir;tsal_power_scs_matrix.cir
tsal,component,R33,covered,tsal_rule_timing.cir;tsal_power_scs_matrix.cir
tsal,component,R34,covered,tsal_rule_timing.cir;tsal_power_scs_matrix.cir
tsal,component,R35,covered,tsal_rule_timing.cir;tsal_power_scs_matrix.cir
tsal,component,R36,covered,tsal_rule_timing.cir;tsal_power_scs_matrix.cir
tsal,component,R37,covered,tsal_rule_timing.cir;tsal_power_scs_matrix.cir
tsal,component,R38,covered,tsal_rule_timing.cir;tsal_power_scs_matrix.cir
tsal,component,R39,covered,tsal_rule_timing.cir;tsal_power_scs_matrix.cir
tsal,component,R4,covered,tsal_rule_timing.cir;tsal_power_scs_matrix.cir
tsal,component,R40,covered,tsal_rule_timing.cir;tsal_power_scs_matrix.cir
tsal,component,R41,covered,tsal_rule_timing.cir;tsal_power_scs_matrix.cir
tsal,component,R42,covered,tsal_rule_timing.cir;tsal_power_scs_matrix.cir
tsal,component,R5,covered,tsal_rule_timing.cir;tsal_power_scs_matrix.cir
tsal,component,R6,covered,tsal_rule_timing.cir;tsal_power_scs_matrix.cir
tsal,component,R7,covered,tsal_rule_timing.cir;tsal_power_scs_matrix.cir
tsal,component,R8,covered,tsal_rule_timing.cir;tsal_power_scs_matrix.cir
tsal,component,R9,covered,tsal_rule_timing.cir;tsal_power_scs_matrix.cir
tsal,component,U1,covered,tsal_rule_timing.cir;tsal_power_scs_matrix.cir
tsal,component,U10,covered,tsal_rule_timing.cir;tsal_power_scs_matrix.cir
tsal,component,U11,covered,tsal_rule_timing.cir;tsal_power_scs_matrix.cir
tsal,component,U12,covered,tsal_rule_timing.cir;tsal_power_scs_matrix.cir
tsal,component,U13,covered,tsal_rule_timing.cir;tsal_power_scs_matrix.cir
tsal,component,U14,covered,tsal_rule_timing.cir;tsal_power_scs_matrix.cir
tsal,component,U15,covered,tsal_rule_timing.cir;tsal_power_scs_matrix.cir
tsal,component,U16,covered,tsal_rule_timing.cir;tsal_power_scs_matrix.cir
tsal,component,U17,covered,tsal_rule_timing.cir;tsal_power_scs_matrix.cir
tsal,component,U18,covered,tsal_rule_timing.cir;tsal_power_scs_matrix.cir
tsal,component,U19,covered,tsal_rule_timing.cir;tsal_power_scs_matrix.cir
tsal,component,U2,covered,tsal_rule_timing.cir;tsal_power_scs_matrix.cir
tsal,component,U3,covered,tsal_rule_timing.cir;tsal_power_scs_matrix.cir
tsal,component,U4,covered,tsal_rule_timing.cir;tsal_power_scs_matrix.cir
tsal,component,U5,covered,tsal_rule_timing.cir;tsal_power_scs_matrix.cir
tsal,component,U6,covered,tsal_rule_timing.cir;tsal_power_scs_matrix.cir
tsal,component,U7,covered,tsal_rule_timing.cir;tsal_power_scs_matrix.cir
tsal,component,U8,covered,tsal_rule_timing.cir;tsal_power_scs_matrix.cir
tsal,component,U9,covered,tsal_rule_timing.cir;tsal_power_scs_matrix.cir
tsal,net,$1N11,covered,tsal_rule_timing.cir;tsal_power_scs_matrix.cir;all_scs_long_line_matrix.cir
tsal,net,$1N111,covered,tsal_rule_timing.cir;tsal_power_scs_matrix.cir;all_scs_long_line_matrix.cir
tsal,net,$1N112,covered,tsal_rule_timing.cir;tsal_power_scs_matrix.cir;all_scs_long_line_matrix.cir
tsal,net,$1N12,covered,tsal_rule_timing.cir;tsal_power_scs_matrix.cir;all_scs_long_line_matrix.cir
tsal,net,$1N126,covered,tsal_rule_timing.cir;tsal_power_scs_matrix.cir;all_scs_long_line_matrix.cir
tsal,net,$1N129,covered,tsal_rule_timing.cir;tsal_power_scs_matrix.cir;all_scs_long_line_matrix.cir
tsal,net,$1N131,covered,tsal_rule_timing.cir;tsal_power_scs_matrix.cir;all_scs_long_line_matrix.cir
tsal,net,$1N133,covered,tsal_rule_timing.cir;tsal_power_scs_matrix.cir;all_scs_long_line_matrix.cir
tsal,net,$1N134,covered,tsal_rule_timing.cir;tsal_power_scs_matrix.cir;all_scs_long_line_matrix.cir
tsal,net,$1N15,covered,tsal_rule_timing.cir;tsal_power_scs_matrix.cir;all_scs_long_line_matrix.cir
tsal,net,$1N18,covered,tsal_rule_timing.cir;tsal_power_scs_matrix.cir;all_scs_long_line_matrix.cir
tsal,net,$1N19,covered,tsal_rule_timing.cir;tsal_power_scs_matrix.cir;all_scs_long_line_matrix.cir
tsal,net,$1N21,covered,tsal_rule_timing.cir;tsal_power_scs_matrix.cir;all_scs_long_line_matrix.cir
tsal,net,$1N223,covered,tsal_rule_timing.cir;tsal_power_scs_matrix.cir;all_scs_long_line_matrix.cir
tsal,net,$1N224,covered,tsal_rule_timing.cir;tsal_power_scs_matrix.cir;all_scs_long_line_matrix.cir
tsal,net,$1N23,covered,tsal_rule_timing.cir;tsal_power_scs_matrix.cir;all_scs_long_line_matrix.cir
tsal,net,$1N285,covered,tsal_rule_timing.cir;tsal_power_scs_matrix.cir;all_scs_long_line_matrix.cir
tsal,net,$1N286,covered,tsal_rule_timing.cir;tsal_power_scs_matrix.cir;all_scs_long_line_matrix.cir
tsal,net,$1N345,covered,tsal_rule_timing.cir;tsal_power_scs_matrix.cir;all_scs_long_line_matrix.cir
tsal,net,$1N374,covered,tsal_rule_timing.cir;tsal_power_scs_matrix.cir;all_scs_long_line_matrix.cir
tsal,net,$1N381,covered,tsal_rule_timing.cir;tsal_power_scs_matrix.cir;all_scs_long_line_matrix.cir
tsal,net,$1N382,covered,tsal_rule_timing.cir;tsal_power_scs_matrix.cir;all_scs_long_line_matrix.cir
tsal,net,$1N389,covered,tsal_rule_timing.cir;tsal_power_scs_matrix.cir;all_scs_long_line_matrix.cir
tsal,net,$1N405,covered,tsal_rule_timing.cir;tsal_power_scs_matrix.cir;all_scs_long_line_matrix.cir
tsal,net,$1N41,covered,tsal_rule_timing.cir;tsal_power_scs_matrix.cir;all_scs_long_line_matrix.cir
tsal,net,$1N417,covered,tsal_rule_timing.cir;tsal_power_scs_matrix.cir;all_scs_long_line_matrix.cir
tsal,net,$1N418,covered,tsal_rule_timing.cir;tsal_power_scs_matrix.cir;all_scs_long_line_matrix.cir
tsal,net,$1N420,covered,tsal_rule_timing.cir;tsal_power_scs_matrix.cir;all_scs_long_line_matrix.cir
tsal,net,$1N421,covered,tsal_rule_timing.cir;tsal_power_scs_matrix.cir;all_scs_long_line_matrix.cir
tsal,net,$1N48,covered,tsal_rule_timing.cir;tsal_power_scs_matrix.cir;all_scs_long_line_matrix.cir
tsal,net,$1N5,covered,tsal_rule_timing.cir;tsal_power_scs_matrix.cir;all_scs_long_line_matrix.cir
tsal,net,$1N61,covered,tsal_rule_timing.cir;tsal_power_scs_matrix.cir;all_scs_long_line_matrix.cir
tsal,net,$1N7,covered,tsal_rule_timing.cir;tsal_power_scs_matrix.cir;all_scs_long_line_matrix.cir
tsal,net,+5VG,covered,tsal_rule_timing.cir;tsal_power_scs_matrix.cir;all_scs_long_line_matrix.cir
tsal,net,+5VR,covered,tsal_rule_timing.cir;tsal_power_scs_matrix.cir;all_scs_long_line_matrix.cir
tsal,net,0.3VG,covered,tsal_rule_timing.cir;tsal_power_scs_matrix.cir;all_scs_long_line_matrix.cir
tsal,net,0.75VG,covered,tsal_rule_timing.cir;tsal_power_scs_matrix.cir;all_scs_long_line_matrix.cir
tsal,net,0.75VR,covered,tsal_rule_timing.cir;tsal_power_scs_matrix.cir;all_scs_long_line_matrix.cir
tsal,net,12V ,covered,tsal_rule_timing.cir;tsal_power_scs_matrix.cir;all_scs_long_line_matrix.cir
tsal,net,GND ,covered,tsal_rule_timing.cir;tsal_power_scs_matrix.cir;all_scs_long_line_matrix.cir
tsal,net,GREEN_OUT_K,covered,tsal_rule_timing.cir;tsal_power_scs_matrix.cir;all_scs_long_line_matrix.cir
tsal,net,MAINN#,covered,tsal_rule_timing.cir;tsal_power_scs_matrix.cir;all_scs_long_line_matrix.cir
tsal,net,MAINN_ACTUAL,covered,tsal_rule_timing.cir;tsal_power_scs_matrix.cir;all_scs_long_line_matrix.cir
tsal,net,MAINN_DISCONNECT,covered,tsal_rule_timing.cir;tsal_power_scs_matrix.cir;all_scs_long_line_matrix.cir
tsal,net,MAINN_DISCONNECT#,covered,tsal_rule_timing.cir;tsal_power_scs_matrix.cir;all_scs_long_line_matrix.cir
tsal,net,MAINP#,covered,tsal_rule_timing.cir;tsal_power_scs_matrix.cir;all_scs_long_line_matrix.cir
tsal,net,MAINP_ACTUAL,covered,tsal_rule_timing.cir;tsal_power_scs_matrix.cir;all_scs_long_line_matrix.cir
tsal,net,MAINP_DISCONNECT,covered,tsal_rule_timing.cir;tsal_power_scs_matrix.cir;all_scs_long_line_matrix.cir
tsal,net,MAINP_DISCONNECT#,covered,tsal_rule_timing.cir;tsal_power_scs_matrix.cir;all_scs_long_line_matrix.cir
tsal,net,PRE#,covered,tsal_rule_timing.cir;tsal_power_scs_matrix.cir;all_scs_long_line_matrix.cir
tsal,net,PRE_ACTUAL,covered,tsal_rule_timing.cir;tsal_power_scs_matrix.cir;all_scs_long_line_matrix.cir
tsal,net,PRE_DISCONNECT,covered,tsal_rule_timing.cir;tsal_power_scs_matrix.cir;all_scs_long_line_matrix.cir
tsal,net,PRE_DISCONNECT#,covered,tsal_rule_timing.cir;tsal_power_scs_matrix.cir;all_scs_long_line_matrix.cir
tsal,net,RED_OUT_K,covered,tsal_rule_timing.cir;tsal_power_scs_matrix.cir;all_scs_long_line_matrix.cir
tsal,net,REL_FAULT_SET,covered,tsal_rule_timing.cir;tsal_power_scs_matrix.cir;all_scs_long_line_matrix.cir
tsal,net,REL_FAULT_SET_RAW,covered,tsal_rule_timing.cir;tsal_power_scs_matrix.cir;all_scs_long_line_matrix.cir
tsal,net,SENSOR_READY,covered,tsal_rule_timing.cir;tsal_power_scs_matrix.cir;all_scs_long_line_matrix.cir
tsal,net,V_BATTERY,covered,tsal_rule_timing.cir;tsal_power_scs_matrix.cir;all_scs_long_line_matrix.cir
tsal,net,V_CONTROLLER,covered,tsal_rule_timing.cir;tsal_power_scs_matrix.cir;all_scs_long_line_matrix.cir
tsal,net,V_DISCONNECT,covered,tsal_rule_timing.cir;tsal_power_scs_matrix.cir;all_scs_long_line_matrix.cir
tsal,net,V_DISCONNECT#,covered,tsal_rule_timing.cir;tsal_power_scs_matrix.cir;all_scs_long_line_matrix.cir
tsal,net,V_SAFE,covered,tsal_rule_timing.cir;tsal_power_scs_matrix.cir;all_scs_long_line_matrix.cir
relay,component,C0603,covered,relay_detection_timing.cir;relay_scs_fault_matrix.cir
relay,component,C0805,covered,relay_detection_timing.cir;relay_scs_fault_matrix.cir
relay,component,C1,covered,relay_detection_timing.cir;relay_scs_fault_matrix.cir
relay,component,C10,covered,relay_detection_timing.cir;relay_scs_fault_matrix.cir
relay,component,C11,covered,relay_detection_timing.cir;relay_scs_fault_matrix.cir
relay,component,C12,covered,relay_detection_timing.cir;relay_scs_fault_matrix.cir
relay,component,C2,covered,relay_detection_timing.cir;relay_scs_fault_matrix.cir
relay,component,C3,covered,relay_detection_timing.cir;relay_scs_fault_matrix.cir
relay,component,C7,covered,relay_detection_timing.cir;relay_scs_fault_matrix.cir
relay,component,D6,covered,relay_detection_timing.cir;relay_scs_fault_matrix.cir
relay,component,D7,covered,relay_detection_timing.cir;relay_scs_fault_matrix.cir
relay,component,F1,covered,relay_detection_timing.cir;relay_scs_fault_matrix.cir
relay,component,F2920,covered,relay_detection_timing.cir;relay_scs_fault_matrix.cir
relay,component,LED0603,covered,relay_detection_timing.cir;relay_scs_fault_matrix.cir
relay,component,LED8,covered,relay_detection_timing.cir;relay_scs_fault_matrix.cir
relay,component,R0603,covered,relay_detection_timing.cir;relay_scs_fault_matrix.cir
relay,component,R1,covered,relay_detection_timing.cir;relay_scs_fault_matrix.cir
relay,component,R2,covered,relay_detection_timing.cir;relay_scs_fault_matrix.cir
relay,component,R29,covered,relay_detection_timing.cir;relay_scs_fault_matrix.cir
relay,component,R3,covered,relay_detection_timing.cir;relay_scs_fault_matrix.cir
relay,component,R4,covered,relay_detection_timing.cir;relay_scs_fault_matrix.cir
relay,component,R5,covered,relay_detection_timing.cir;relay_scs_fault_matrix.cir
relay,component,R6,covered,relay_detection_timing.cir;relay_scs_fault_matrix.cir
relay,component,U1,covered,relay_detection_timing.cir;relay_scs_fault_matrix.cir
relay,component,U10,covered,relay_detection_timing.cir;relay_scs_fault_matrix.cir
relay,component,U11,covered,relay_detection_timing.cir;relay_scs_fault_matrix.cir
relay,component,U12,covered,relay_detection_timing.cir;relay_scs_fault_matrix.cir
relay,component,U13,covered,relay_detection_timing.cir;relay_scs_fault_matrix.cir
relay,component,U2,covered,relay_detection_timing.cir;relay_scs_fault_matrix.cir
relay,net,$1N24,covered,relay_detection_timing.cir;relay_scs_fault_matrix.cir;all_scs_long_line_matrix.cir
relay,net,$1N49,covered,relay_detection_timing.cir;relay_scs_fault_matrix.cir;all_scs_long_line_matrix.cir
relay,net,$1N60,covered,relay_detection_timing.cir;relay_scs_fault_matrix.cir;all_scs_long_line_matrix.cir
relay,net,+5V,covered,relay_detection_timing.cir;relay_scs_fault_matrix.cir;all_scs_long_line_matrix.cir
relay,net,12V ,covered,relay_detection_timing.cir;relay_scs_fault_matrix.cir;all_scs_long_line_matrix.cir
relay,net,GND ,covered,relay_detection_timing.cir;relay_scs_fault_matrix.cir;all_scs_long_line_matrix.cir
relay,net,MAINN#,covered,relay_detection_timing.cir;relay_scs_fault_matrix.cir;all_scs_long_line_matrix.cir
relay,net,MAINN_1,covered,relay_detection_timing.cir;relay_scs_fault_matrix.cir;all_scs_long_line_matrix.cir
relay,net,MAINN_2,covered,relay_detection_timing.cir;relay_scs_fault_matrix.cir;all_scs_long_line_matrix.cir
relay,net,MAINN_ACTUAL,covered,relay_detection_timing.cir;relay_scs_fault_matrix.cir;all_scs_long_line_matrix.cir
relay,net,MAINP#,covered,relay_detection_timing.cir;relay_scs_fault_matrix.cir;all_scs_long_line_matrix.cir
relay,net,MAINP_1,covered,relay_detection_timing.cir;relay_scs_fault_matrix.cir;all_scs_long_line_matrix.cir
relay,net,MAINP_2,covered,relay_detection_timing.cir;relay_scs_fault_matrix.cir;all_scs_long_line_matrix.cir
relay,net,MAINP_ACTUAL,covered,relay_detection_timing.cir;relay_scs_fault_matrix.cir;all_scs_long_line_matrix.cir
relay,net,PRE#,covered,relay_detection_timing.cir;relay_scs_fault_matrix.cir;all_scs_long_line_matrix.cir
relay,net,PRE_1,covered,relay_detection_timing.cir;relay_scs_fault_matrix.cir;all_scs_long_line_matrix.cir
relay,net,PRE_2,covered,relay_detection_timing.cir;relay_scs_fault_matrix.cir;all_scs_long_line_matrix.cir
relay,net,PRE_ACTUAL,covered,relay_detection_timing.cir;relay_scs_fault_matrix.cir;all_scs_long_line_matrix.cir
